Stkcd,Year,Fn05601,Fn05602,var_5,var_6,Sum,test,Test
002246,2015.0,襄阳市财政局社会保险基金,459000.0,15089270.35,0.0,15089271.0,0,1
600720,2015.0,4500KW余热发电财政奖励资金,225833.0,8816206.55,0.0,8406204.0,0,0
002466,2013.0,县财政局拨付2012年企业扶持资金2,2895000.0,7536100.0,0.0,7536100.0,1,1
002498,2013.0,高压超高压交联聚乙烯电缆材料技改补助资金,10390000.0,32500584.68,0.0,32500584.0,0,1
600893,2011.0,2009年西安市高新技术增业发展专项资金,450000.0,7855108.17,0.0,7144411.0,0,0
600309,2019.0,BC中匈工业园补助,32949462.0,961498177.6,0.0,961498177.0,0,1
300003,2019.0,高新企业奖励2,130000.0,156540542.7,24720695.22,156540544.0,0,1
002803,2018.0,印刷绿色环保数字化生产线项目-设备2,125000.0,4962544.68,0.0,4962544.0,0,1
688680,2022.0,计入其他收益的政府补助（直接计入当期损益的政府补助）其中：纳税奖励金,6230000.0,54861489.74,0.0,54861490.0,1,1
000779,2011.0,与资产相关的政府补助：技术改造及研发项目补助资金,384275.0,1105903.74,0.0,1105904.0,1,1
839792,2021.0,稳岗补贴,85736.0,18168985.38,0.0,18168986.0,0,1
300331,2022.0,政府补助其中：开发区管委会纾解困难补助资金,30000.0,75498016.13,37699181.58,75498015.0,0,1
601369,2015.0,高端压缩机组高效可靠及智能化基础研究课题5,44150.0,24935893.66,0.0,24880726.0,0,1
300124,2021.0,知识产权高质量发展补贴,321655.0,1189511909.0,121529197.0,602071978.0,0,0
002592,2017.0,年产100万只硬钎焊散热器技术改造项目-,1527500.0,6062047.17,0.0,6012048.0,0,1
600150,2016.0,自升式钻井平台品牌工程（1型）,7650000.0,104550849.2,0.0,104550848.0,0,1
600626,2019.0,进项税额加计抵扣,376.0,41967436.21,0.0,41967435.0,0,1
688118,2020.0,上海市残疾人就业服务中心奖励款,15321.0,12251788.23,7545610.33,12251788.0,1,1
300082,2013.0,广东奥克收用电优惠及税收等奖励,550592.0,8293725.02,0.0,8293725.0,1,1
002107,2014.0,江西省知识产权局2014年第三批专利费资助款,2500.0,17091066.95,0.0,13997985.0,0,0
600577,2017.0,品牌战略与自主创新奖励款,100000.0,22904937.52,0.0,22904937.0,0,1
300254,2015.0,质量技术监督补助基金,60000.0,1824663.3,0.0,1824664.0,0,1
002236,2008.0,车载智能多媒体系统,185000.0,31567360.92,0.0,31567361.0,1,1
301500,2022.0,企业吸纳贫困劳动力补贴,38000.0,41311561.62,0.0,41311562.0,1,1
000553,2012.0,四氯化碳（CTC）消费淘汰项目,1582557.0,3650934.78,0.0,3650935.0,1,1
688072,2022.0,其他,5908.0,170821355.5,8000000.0,170821355.0,0,1
002390,2015.0,GMP生产线环境自动控制信息系统建设,250000.0,45589588.27,0.0,45589589.0,0,1
002339,2015.0,2015年度软件园产业发展专项补助,89000.0,36617536.64,0.0,36617536.0,0,1
002890,2020.0,代扣代缴个税手续费返还,1411.0,1151556.3,0.0,1151556.0,1,1
002511,2014.0,高校毕业生就业见习补贴,21000.0,9743128.27,0.0,9743128.0,1,1
603363,2022.0,与资产相关的政府补助其中：瑞金养宝非畜牧大县规模养殖场粪污治理项目补助收入,143740.0,150944758.5,0.0,150944759.0,0,1
600085,2015.0,锅炉补助,164286.0,16511202.83,0.0,16511202.0,0,1
002129,2018.0,天津市环境保护局关于实施高排放轻型汽油车提前淘汰补贴款,5000.0,79969105.38,0.0,79969105.0,1,1
300072,2020.0,增值税进项税额加计抵减,5749.0,32479125.58,0.0,32479123.0,0,1
300962,2022.0,政策性搬迁补偿,616641.0,5173766.46,0.0,3592067.0,0,0
600248,2021.0,政府补助其中：2020年度西安市商务局拨付对外投资合作项目补助,500000.0,39323305.22,36988391.66,39323306.0,0,1
002271,2017.0,江苏保温专利奖金,80000.0,110901772.0,0.0,110901774.0,0,1
300026,2009.0,专利优秀奖,10000.0,11049529.06,0.0,8124529.0,0,0
300408,2017.0,失业保险稳岗补贴,767629.0,56763810.4,0.0,56763810.0,1,1
300151,2017.0,创新资金,841226.0,14976507.58,0.0,8928945.0,0,0
002405,2012.0,北京市标准化交流服务中心中关村技术标准资金,50000.0,59506302.18,0.0,46852540.0,0,0
000909,2021.0,小微企业促进就业补贴,14107.0,7008685.75,0.0,7008685.0,0,1
000584,2022.0,社保专户补贴,26900.0,51139437.3,24746752.27,51139438.0,0,1
300272,2023.0,工业经济奖励,29000.0,9000695.41,0.0,9000695.0,1,1
002986,2022.0,大亚湾区企业自主举荐人才资助资金,75000.0,6631435.4,0.0,6631436.0,0,1
600353,2012.0,成都市新都区科技局专利资助,4000.0,190670.0,0.0,190670.0,1,1
000422,2016.0,稳定就业岗位、社保补贴,6923848.0,122400443.3,0.0,122000442.0,0,1
002183,2020.0,政府补助其中：第一批中央服务业发展专项奖金,460000.0,41421323.0,0.0,41421323.0,1,1
000923,2012.0,其他财政补贴其中：专利补助,4000.0,432300.0,0.0,432300.0,1,1
300745,2022.0,政府补贴其中：2020年上市公司本地改造提升项目资助,502521.0,69409217.39,29473712.9,69408218.0,0,1
300008,2015.0,2013年海工装备研发及产业化专项（5000吨起重铺管船动力与自动化系统集成）,1120000.0,8547331.98,0.0,8547332.0,1,1
600305,2015.0,科技奖励经费,530000.0,10929351.67,0.0,10929352.0,1,1
000811,2021.0,省级工业转型发展资金,10000.0,48941093.18,0.0,48941092.0,0,1
002156,2023.0,招聘补贴,2417348.0,46576456.6,0.0,46576457.0,1,1
002403,2021.0,政府补助其中：企业吸纳高校毕业补贴,1500.0,40713215.49,40573617.39,40713214.0,0,1
600262,2011.0,其它专项扶持资金,110000.0,50077516.0,0.0,50077516.0,1,1
300395,2018.0,民口企业与军工单位开展研发合作后补助（荆财企发（2018）125号）,90000.0,10539329.62,0.0,10539330.0,1,1
688133,2023.0,现代服务业发展专项资金,100000.0,15729307.55,0.0,15729306.0,0,1
000712,2019.0,收到珠海市斗门区金融服务中心政府补贴,100000.0,6537745.26,0.0,6537746.0,0,1
601038,2018.0,政府补助其中：中国科协青年人才托举工程,210000.0,61973166.77,36623032.72,61973170.0,0,1
002440,2015.0,年产9000吨系列助剂技改项目,14000.0,124965609.2,0.0,112597387.0,0,0
002168,2020.0,稳岗补贴6,8660.0,13588816.13,0.0,13531589.0,0,1
600855,2013.0,数字伺服随动技术项目,780000.0,14942267.0,0.0,14942266.0,0,1
603993,2019.0,中信保财政扶持资金,3000000.0,20903479.63,0.0,20903480.0,1,1
002172,2022.0,纾困补贴款,370000.0,36000873.28,0.0,34556625.0,0,0
300596,2021.0,2021年度安全生产责任保险市级财政补助,44989.0,29787251.12,0.0,29787252.0,0,1
301133,2023.0,一次性扩岗补助,1000.0,1478403.4,0.0,1478403.0,1,1
000709,2019.0,政府补助其中：节能环保改造补助,14893686.0,171303162.3,170168467.0,86114188.0,0,0
002389,2022.0,进口设备贴息项目补助2,19500.0,34008442.62,0.0,34008445.0,0,1
002881,2017.0,深圳市中小企业服务署关于市场开拓项目资助经费,20910.0,6687700.24,0.0,6687700.0,1,1
002421,2013.0,计算机软件著作权、专利资助其中：2012年深圳市第一批计算机软件著作权登记资助款拨款,300.0,8289137.21,0.0,8289136.0,0,1
603538,2020.0,政府补助其中：房租、运营经费补助,7095900.0,29022321.87,28851716.05,18153427.0,0,0
300258,2017.0,姜堰经济开发区管委会2016年技术创新奖励,484600.0,20473082.67,0.0,20473082.0,0,1
300303,2014.0,工业中小企业技术改造,300000.0,3045303.13,0.0,3045303.0,1,1
600074,2009.0,节能及发展循环经济专项资金,100000.0,2460045.92,0.0,2460046.0,1,1
301219,2022.0,政府补助其中：红金一期企业搬迁技改2021年税收奖励,18843403.0,84636153.45,42252947.38,84636154.0,0,1
300506,2016.0,专利资助补贴,6000.0,722977.82,0.0,722978.0,1,1
002156,2010.0,稳定增长资金,82700.0,49784411.23,0.0,49784411.0,1,1
002696,2019.0,加工厂重点产业技改项目,150000.0,29743084.32,0.0,29743084.0,1,1
603811,2017.0,洞头区科技计划项目及经费1,100000.0,6435778.36,0.0,6435777.0,0,1
688211,2022.0,个税手续费返还,63369.0,35166615.69,0.0,34916616.0,0,1
301429,2021.0,计入其他收益的政府补贴其中：直接计入当期损益的政府补贴（与收益相关）（农业产业化专项资金）,120000.0,12842857.32,0.0,12842857.0,1,1
600636,2014.0,应收聚四氟乙烯装置产业结构调整补助款,8170000.0,54456288.15,0.0,54456288.0,1,1
002705,2013.0,2012年佛山市科技计划项目经费,350000.0,7602357.68,0.0,7602358.0,1,1
603332,2019.0,其他政府补贴,4500000.0,15928979.9,4500000.0,15928980.0,1,1
603121,2019.0,湖北省武汉市2018年第三批传统产业改造升级资金,2000000.0,14069576.55,5631342.43,14069577.0,1,1
600231,2011.0,污染治理补助资金,392857.0,23585309.93,0.0,23585310.0,1,1
600686,2012.0,苏州工业园区汽车及零部件产业集聚扶持资金,700000.0,104887321.5,0.0,104887321.0,0,1
002855,2020.0,政府补助其中：2019年供应链融资奖励金,29825.0,15914890.71,15548662.35,15914891.0,1,1
002161,2012.0,微波段RFID读写设备关键技术及应用产业化,404833.0,19239006.09,0.0,19239006.0,1,1
603095,2022.0,2020年度第二批柯桥区进一步助力市场主体纾困促进高质量发展（进一步支持激活市场）财政专项资金,33000.0,13036802.25,0.0,13036801.0,0,1
002483,2013.0,单笔在10万元以下的其他政府补贴,585294.0,9581870.49,0.0,9581870.0,1,1
002601,2016.0,财政局硫磷钛产业链中钛液质量的优化技术改造项目补贴,20172.0,14081615.44,0.0,14081615.0,1,1
300491,2023.0,扩岗补贴,114000.0,36035380.14,0.0,36035380.0,1,1
603636,2019.0,优惠政策奖励,200000.0,21500862.12,0.0,21500862.0,1,1
000962,2018.0,钛加工项目,203709.0,12169422.9,0.0,12169423.0,1,1
603118,2019.0,稳增长调结构资助项目,752349.0,47757623.0,0.0,47257624.0,0,0
605358,2021.0,重点企业研究院补助（省级）,778753.0,62324366.84,0.0,62324368.0,0,1
002172,2017.0,盐城市财政局省科技奖奖金,10000.0,92015149.88,0.0,78197329.0,0,0
002790,2022.0,企业增产用电奖励,463700.0,17232896.03,0.0,17232894.0,0,1
600668,2012.0,与收益相关的政府补助：十佳重点优势工业企业奖励1,1398200.0,16865416.55,0.0,16865417.0,1,1
600779,2020.0,两化融合智能升级项目,191450.0,20638516.12,0.0,20638516.0,1,1
300753,2022.0,省政策引导类专项资金,800000.0,27307088.07,0.0,27307088.0,1,1
002406,2012.0,传动轴柔性中间支承试验方法和检测设备应用开发,3071600.0,10174480.0,0.0,10174480.0,1,1
000651,2013.0,其他,13027636.0,660482277.3,0.0,660482277.0,1,1
002541,2012.0,先进单位奖,20000.0,30005101.03,0.0,29941101.0,0,1
002382,2019.0,省级高效煤粉锅炉示范工程试点奖励资金,50100.0,41940375.65,0.0,41940375.0,0,1
601228,2021.0,政府补助其中：在岸业绩项目,36300.0,91569907.97,87136073.24,91569908.0,1,1
002378,2021.0,代扣个人所得税手续费返还,3399.0,41689596.48,0.0,41689597.0,0,1
600511,2022.0,产业扶持奖励基金,11950000.0,150486995.5,0.0,150486995.0,0,1
002089,2021.0,个税手续费,8920.0,4910983.65,0.0,4910984.0,1,1
002190,2013.0,高新区项目奖励,5029000.0,53864327.13,0.0,53864328.0,0,1
300177,2017.0,其他,559132.0,43588269.96,0.0,41855692.0,0,0
000629,2023.0,管理费用,499270.0,26065307.42,0.0,26065308.0,0,1
603658,2022.0,失业保险稳岗补贴,2266660.0,138991084.5,0.0,138991086.0,0,1
300479,2015.0,具有自主知识产权的嵌入式软件关键技术研发及产业化示范项目经费,3545000.0,4401000.0,0.0,4401000.0,1,1
600547,2018.0,莱州三山岛深部采矿技术研究专项拨款,2678571.0,27637542.22,0.0,24647679.0,0,0
600444,2023.0,成果转化与技术合同交易奖励,58000.0,4305667.25,0.0,4305667.0,1,1
688408,2022.0,政府补助其中：高质量发展专项资金财政补贴,100000.0,50008738.76,24888643.63,50008739.0,1,1
600970,2020.0,其他政府补贴其中：递延收益转入,30399896.0,199858885.7,0.0,166668432.0,0,0
300313,2012.0,牲畜品种改良低温液体储槽,19594.0,8729979.28,0.0,8729980.0,0,1
002278,2017.0,中小企业资金补助,9000.0,33736273.66,0.0,18256923.0,0,0
300724,2022.0,计入其他收益的政府补贴其中：直接计入当期损益的政府补贴（常州市新北区罗溪镇人民政府停车场补贴）,360000.0,118725601.0,0.0,118407741.0,0,1
000801,2022.0,2021年高新技术企业资金,10000.0,111001155.6,53802076.5,111001154.0,0,1
002004,2013.0,2012年绍兴科技奖励,30000.0,18072275.76,0.0,18072275.0,0,1
301399,2022.0,与收益相关的政府补助,4123319.0,4558763.11,0.0,4558763.0,1,1
000726,2013.0,农业产业化发展资金,200000.0,51990074.84,0.0,51990075.0,1,1
600584,2011.0,递延收益摊销计入,84171806.0,99179639.13,0.0,99179639.0,1,1
000016,2019.0,其他,1078696.0,1243867434.0,0.0,1243867434.0,1,1
000719,2021.0,税费减征、免征,45575.0,48120376.19,6944664.66,48120379.0,0,1
600409,2016.0,广州科技技术协会参展补助,4000.0,29936455.22,0.0,29936455.0,1,1
300300,2019.0,博士后工作站建设补助经费,50000.0,6500887.66,172906.45,6500887.0,0,1
600968,2018.0,海上平台生活污水快速处理技术的开发与应用,150000.0,180102286.7,0.0,180102287.0,1,1
002132,2023.0,增值税退税,65250.0,45672539.47,0.0,45672539.0,1,1
002154,2019.0,2018年永嘉县高校毕业生就业见习补助资金,210660.0,79761523.21,77945736.13,79761522.0,0,1
000915,2022.0,技术交流中心土地补偿2,1479580.0,19886204.02,116403.4,19886202.0,0,1
003038,2021.0,专利资助,100000.0,16406137.14,0.0,16406137.0,1,1
300490,2021.0,长沙市高新区职业技能培训补贴,1376775.0,20665148.73,0.0,20665149.0,1,1
600767,2019.0,代扣个人所得税手续费返还,61622.0,2526746.6,1054786.86,2526747.0,1,1
002071,2013.0,根据诸暨市人民政府《关于扶持诸暨长城国际影视网游动漫创意园发展的若干意见》（诸政发（2011）43号）拨入,51205.0,30143081.37,0.0,30143082.0,0,1
603222,2016.0,科技型中小企业技术创新资金,60000.0,3654157.93,0.0,3654158.0,1,1
600977,2017.0,北京市多厅影院建设补贴,1085106.0,183541272.4,451726.05,183541269.0,0,1
600213,2021.0,基础设施扶持资金,100000.0,161174012.5,0.0,161174012.0,1,1
301269,2022.0,2022年朝阳区高额技术产业发展引导资金,2000000.0,367092776.2,0.0,186785560.0,0,0
600637,2016.0,管委会专项资金,4240000.0,123455173.4,0.0,123455170.0,0,1
000881,2017.0,湖北拓普资源综合利用增值税退税,29493476.0,130305604.7,0.0,130305604.0,0,1
600167,2022.0,与资产相关的政府补助其中：国新集中供热节能补贴,122143.0,38285648.81,0.0,38285648.0,0,1
300645,2016.0,2016年第一批余杭区企业上市后、挂牌项目财政奖励资金,1000000.0,22899109.45,0.0,22899110.0,0,1
600433,2022.0,收到珠海市工业和信息化局国家绿色供应链奖励,251232.0,31566832.0,0.0,31566833.0,0,1
605288,2022.0,与收益相关的政府补助其中：以工代训,5000.0,12382393.76,0.0,12382393.0,0,1
002460,2022.0,500吨超薄锂带及锂材项目专项资金,708680.0,119942488.9,0.0,119942489.0,1,1
002419,2023.0,递延收益摊销其中：防疫保障补助测温安检门安装补助,800.0,42133722.66,0.0,42133723.0,1,1
603166,2016.0,工业发展专项资金项目奖励,20000.0,33642398.49,0.0,33642400.0,0,1
600182,2017.0,黄标车提前报废补助,108000.0,3036107.69,0.0,2993818.0,0,0
600135,2020.0,引进专家资助金,30000.0,16937461.94,0.0,16937463.0,0,1
300565,2018.0,即征即退增值税,375474.0,6183159.95,0.0,6183160.0,1,1
002206,2017.0,污染源自动监控系统企业自主运行管理补助,77500.0,17423365.3,0.0,17423365.0,1,1
000488,2015.0,增值税退税,6453340.0,251169920.2,0.0,251169920.0,1,1
002590,2016.0,燃煤锅炉淘汰补贴,5000.0,10242952.52,0.0,10242952.0,0,1
300839,2021.0,代扣个人所得税手续费,84426.0,2005717.13,1921290.68,2005717.0,1,1
300096,2018.0,软件增值税退税款,9145403.0,20879770.75,0.0,41623429.0,0,0
300046,2018.0,大功率快软恢复晶闸管项目拨款（信息产业专项资金）,20000.0,4359482.1,0.0,4359482.0,1,1
300769,2022.0,前期工作经费,500000.0,56569849.88,0.0,56069849.0,0,1
600532,2018.0,政府扶持基金,32000.0,32000.0,0.0,32000.0,1,1
300188,2012.0,基于云取证模式架构的产业化,800000.0,30572980.07,0.0,30572981.0,0,1
000705,2022.0,与收益相关的政府补助其中：克拉霉素一致性评价政策补助款,2000000.0,16417529.89,71604.4,16417531.0,0,1
002490,2012.0,收到寿光市财政局的技术研发补助资金,15000000.0,49141000.0,0.0,49141000.0,1,1
603880,2022.0,与收益相关的政府补助其中：西太湖产业园加快工业经济创新发展扶持政策专项资金,605000.0,4440677.41,0.0,3949356.0,0,0
603017,2019.0,政府补助其中：重庆市江北财政国库中心创新驱动专项资助,322850.0,22822868.18,17347134.4,22822870.0,0,1
000626,2011.0,天津远大天一化工有限公司支持企业发展基金,226225.0,22441459.32,0.0,22441459.0,1,1
300650,2022.0,市场开拓经费,29462.0,3271270.69,0.0,3271270.0,0,1
688408,2022.0,市级企业信息化项目（投入类）,94800.0,50008738.76,24888643.63,50008739.0,1,1
600249,2016.0,节能、技改扶持及奖励,1203333.0,11670983.85,0.0,11670983.0,0,1
300324,2019.0,中共北京市海淀区委海淀园工作委员会党委会经费,3000.0,19018864.56,0.0,19018865.0,1,1
000731,2011.0,产业扶持资金,3508228.0,7282475.66,0.0,7282476.0,1,1
002250,2018.0,创优考核奖1,200000.0,21921365.58,20627848.12,21921366.0,1,1
600405,2021.0,物联网大数据架构的5G基站能效管控补贴,1200000.0,15897821.67,0.0,15897821.0,0,1
000999,2019.0,财政贡献奖,60785100.0,202278626.4,0.0,202278626.39,1,1
002128,2018.0,大汽污染防治资金,80717.0,20920328.51,0.0,18326386.0,0,0
300596,2022.0,2022年高质量知识产权创造试点,100000.0,27801716.92,0.0,27801716.0,0,1
000026,2014.0,第十五届中国专利奖奖励款,5000.0,10344542.0,0.0,10344542.0,1,1
603906,2023.0,中小微企业疫情期间就近采购技改设备补助收入,46300.0,80258661.65,234543.36,80258659.0,0,1
600979,2019.0,广前路响水河至火车站段空输电线路下地工程补贴资金,40631.0,31772081.74,0.0,31772083.0,0,1
688199,2023.0,本期转入其他收益其中：湖南省工信厅--制造强省专项资金,40000.0,13056605.42,12226605.42,2954942.0,0,0
301550,2023.0,与收益相关的政府补助,3608507.0,4340657.52,0.0,4340657.0,0,1
002430,2010.0,工业信息化财政资助2,11800.0,13196818.5,0.0,12985701.0,0,0
002478,2010.0,工业科技攻关专项资金,200000.0,8497039.88,0.0,8497040.0,1,1
000733,2018.0,科创委2017年企业研究开发资助计划第二批资助资金,1495000.0,99749400.84,0.0,99749400.0,0,1
600213,2018.0,基建设施收益,100000.0,7653304.32,0.0,7653304.0,1,1
601677,2023.0,纾困帮扶-企业经济贡献补贴,74355.0,480791183.1,0.0,480791183.0,1,1
600031,2014.0,其他,1173000.0,379978000.0,0.0,379978000.0,1,1
600217,2021.0,城市矿产示范基地,806723.0,65214122.09,0.0,65214123.0,0,1
002552,2022.0,高耐热高CTI低热阻覆铜板技改项目（《关于2020年工业转型升级专项（第二批）资金安排的请示》铜经信产业〔2020〕224号）,11126.0,14705821.72,0.0,14705822.0,1,1
000999,2009.0,其他,1245860.0,13046507.75,0.0,13046508.0,1,1
301215,2022.0,产业振兴和技术改造2014年中央预算内投资补助（盐城试验场一期基本建设项目）,1428571.0,21374170.48,0.0,21374170.0,1,1
002626,2018.0,海沧区科学技术局：发明专利奖励1,7000.0,39882179.08,39701704.13,39780295.0,0,1
600132,2011.0,财政补贴,15000000.0,22882833.62,0.0,22882834.0,1,1
688096,2023.0,2021年市研发机构绩效评价奖励,300000.0,10773109.9,0.0,10773110.0,1,1
600192,2016.0,2015年度国家级信息化和工业化融合管理体系贯标试点企业,100000.0,27116421.32,0.0,27116422.0,0,1
301018,2023.0,绿色数据中心精密环境控制设备产业化项目,179345.0,16327574.84,45500.0,16327575.0,1,1
002474,2015.0,关于下达2014年第二批软件产业发展专项资金的通知,423077.0,9490218.89,0.0,9490218.0,0,1
000960,2019.0,其他政府补贴,1077900.0,58066416.61,0.0,58066417.0,1,1
601991,2020.0,其他,2838000.0,399157000.0,0.0,399157000.0,1,1
002034,2015.0,土地使用税及地方水利建设基金退回,723807.0,6514612.66,0.0,5401020.0,0,0
600971,2012.0,在线监测系统运行补助费,20000.0,23367545.57,0.0,23367546.0,1,1
600478,2010.0,2010年省知识产权优势企业培育工程专项补助经费和知识产权事务专项补助经费,100000.0,15769620.0,0.0,15769620.0,1,1
001366,2022.0,企业电价补贴资金,84640.0,13608745.62,0.0,13608746.0,1,1
300355,2023.0,林草局2022年度草种繁育基地验收补助,150000.0,95477612.67,0.0,95477609.0,0,1
600847,2022.0,代扣个人所得税手续费返还,7819.0,4029790.25,0.0,4029791.0,0,1
002614,2022.0,政府补助其中：厦门市科学技术局补贴,2730100.0,71785638.77,35798991.88,71785637.0,0,1
831768,2020.0,计入其他收益的政府补助其中：与递延收益相关的政府补助,3095845.0,6091350.08,0.0,6091351.0,0,1
300408,2022.0,创业大赛陶瓷专业赛奖金,200000.0,212787760.9,0.0,212787763.0,0,1
300449,2018.0,收购金石威视中介费补贴,2000000.0,11552135.02,0.0,11552134.0,0,1
002300,2022.0,小微企业税收减免,7497.0,43155740.62,0.0,43155741.0,1,1
300012,2016.0,残疾人安置奖励,5000.0,25224966.82,0.0,25124967.0,0,1
002185,2018.0,大学生政府工资补助,7200.0,104073693.4,103761458.0,104073693.0,1,1
002571,2022.0,2016年凤阳县政府兑现惠企政策中大气污染防治技术改造项目奖励,46075.0,6138553.68,0.0,6138552.0,0,1
600219,2019.0,人才奖补贴,100000.0,56698425.92,0.0,52381761.0,0,0
301448,2023.0,金华市商务局2023年中央外经贸发展专项资金（推动服务贸易创新发展）,90200.0,8267295.46,0.0,8267297.0,0,1
002161,2012.0,基于物联网的RFID移动计算终端的研发,1312500.0,19239006.09,0.0,19239006.0,1,1
002435,2017.0,海口市科学技术工业信息化局设备资助确认,430495.0,22115541.29,0.0,22115541.0,1,1
600572,2023.0,东阳康恩贝公司技改奖励款,75000.0,29536525.62,0.0,29536526.0,1,1
002277,2017.0,长沙市自创知名品牌扶持资金,80000.0,2297943.49,0.0,2297944.0,0,1
600111,2019.0,华美稀土精矿硫酸焙烧尾气治理技术改进项目,100000.0,170071078.9,0.0,170071080.0,0,1
300269,2020.0,深圳市市场监督管理局-2018年第二批专利款,10000.0,31264095.33,50000.0,31264096.0,0,1
600470,2022.0,促进工业化发展奖补资金,149750.0,31885371.83,0.0,31885374.0,0,1
600850,2020.0,政府补助其中：其他,48.0,57098057.35,55381940.26,57098057.0,1,1
835185,2020.0,政府补助其中：黑龙江产业结构调整投资补助金,1900000.0,123980830.6,119243218.6,123980830.0,0,1
603283,2018.0,政府补助其中：上市报会奖励,2000000.0,9612020.28,0.0,9612021.0,0,1
300540,2017.0,郫县财政国库集中工业园区租赁标准厂奖励,116900.0,13421198.22,0.0,13421198.0,1,1
603725,2019.0,政府补助其中：禅经科促进局拨付2016-2017年企业研究开发经费投入补助,382200.0,12970910.67,9898507.69,12970910.0,0,1
600085,2015.0,GMP车间生产线改造设备,414286.0,16511202.83,0.0,16511202.0,0,1
000716,2022.0,省储粮费用补助,38613.0,23452169.91,11702726.1,23452168.0,0,1
603040,2022.0,政府补助其中：高新技术企业培育资金,610000.0,33528215.13,16762945.08,33528215.0,1,1
002611,2019.0,2018年浒墅关开发区先进企业奖励,30000.0,22854061.39,0.0,22854062.0,0,1
300036,2012.0,朝阳区科学技术委员会发放科学技术奖奖金,100000.0,17508032.8,0.0,17508032.0,0,1
002006,2011.0,先进集体奖励,3000.0,7976746.66,0.0,7976746.0,0,1
002171,2012.0,外贸企业政策促进资金,98000.0,33388979.38,0.0,33388979.0,1,1
000960,2019.0,8000吨／天选矿工程,100000.0,58066416.61,0.0,58066417.0,1,1
300422,2020.0,西南地区化工污染场地典型有机污染土壤修复技术集成及示范专项资金,1400000.0,45117946.99,0.0,45117947.0,1,1
600618,2021.0,政府补助其中：工会经费返还,3308.0,3362368.38,3255098.05,3362368.0,1,1
000876,2013.0,其他,407495.0,86745987.61,0.0,86745989.0,0,1
300886,2022.0,设备改造补助,149913.0,8986749.74,0.0,8986748.0,0,1
002147,2021.0,2020年专利补助款,133000.0,1043637861.0,0.0,1043637860.0,0,1
600685,2023.0,深海资源勘探核心装备专项试验及关键国产化装备研制,5000000.0,104211948.5,0.0,104211948.0,1,1
600650,2017.0,个人所得税返还,698476.0,16640432.89,0.0,16640434.0,0,1
300425,2022.0,政府补贴其中：与收益相关的政府补贴,8641329.0,35356617.69,12884661.93,34783033.0,0,0
300808,2018.0,与企业日常活动相关的政府补助其中：其他,61900.0,4952530.57,0.0,4952531.0,1,1
000732,2014.0,重置资产政府补助摊销2,182810.0,479954.17,0.0,479954.0,1,1
300257,2016.0,科技补助,6914027.0,11183056.75,0.0,11183057.0,1,1
600237,2017.0,工业转型补助,46600.0,22742333.43,0.0,22742333.0,1,1
300177,2020.0,财政金融局创新创业大赛省级奖励,100000.0,67793923.81,0.0,67793926.0,0,1
603800,2014.0,市级以上科技计划项目匹配经费,90000.0,4885145.87,0.0,4885146.0,1,1
002777,2021.0,成都高新区2021产业培育政策,300000.0,32898232.57,14670316.01,32898234.0,0,1
300274,2013.0,知识产权补贴,284000.0,30357491.22,0.0,30357491.0,1,1
603059,2021.0,新产品研发、知识产权保护奖2,6000.0,2619749.14,1470401.05,1149348.0,0,0
000423,2019.0,地方旅游开发项目,7376.0,50635417.02,0.0,25367708.0,0,0
430556,2021.0,政府补助其中：2020年度发明专利资助,22000.0,12299009.44,0.0,12299009.0,1,1
002209,2023.0,一次性扩岗补助,30000.0,23154956.68,0.0,23154957.0,1,1
002309,2018.0,2015年服务业发展引导资金,133333.0,99817377.73,0.0,99817376.0,0,1
300170,2012.0,软件集成电路增值税退税,1316.0,15697149.78,0.0,15697149.0,0,1
600259,2016.0,尾矿库治理专项资金,200000.0,68557684.11,0.0,68557682.0,0,1
002130,2022.0,工业企业防疫消杀支出补贴,220000.0,125184816.8,0.0,119851928.0,0,0
601009,2009.0,财政奖励贷款风险补偿,3337000.0,6458000.0,0.0,6458000.0,1,1
603367,2022.0,2022年度山东省重点研发计划（重大科技创新工程）第二批项目,8650400.0,47643293.89,0.0,33892893.0,0,0
000733,2015.0,年产12万只真空灭弧室生产线,150000.0,26916764.57,0.0,26757675.0,0,1
000938,2020.0,高新区知识产权示范优势或专利奖政策奖励,50000.0,1016405052.0,332000.0,1007092052.0,0,1
301212,2022.0,基础设施建设和劳动力培训费用补助,1172505.0,9559868.11,0.0,9559869.0,0,1
002830,2018.0,个税扣缴手续费返还,91458.0,2197589.58,0.0,2197590.0,1,1
835438,2023.0,以商招商政策奖励资金,100000.0,9087035.54,0.0,9087035.0,0,1
600889,2023.0,大丰区交通运输局粉尘在线监测系统建设补助金,26000.0,3317220.51,0.0,3317220.0,0,1
002343,2008.0,高尔夫手套革项目财政补助,150000.0,7345700.0,0.0,7345700.0,1,1
688247,2023.0,计入当期损益的政府补助(与资产相关)其中：海门区发展和改革委员会2017-2019年工业企业新增设备投入财政扶持资金,324163.0,6018723.86,0.0,6018724.0,1,1
603578,2022.0,与收益相关的政府补助,23966132.0,24294772.35,0.0,48389544.0,0,0
600872,2011.0,2010年广东省建设现代产业体学技术创新滚动项目,1000000.0,5028911.27,0.0,5028911.0,1,1
002657,2021.0,收滨江区科技局产业扶持资金,109997.0,4932654.25,0.0,4932654.0,1,1
300100,2010.0,宁海科技项目经费,197000.0,8577723.95,0.0,8577724.0,1,1
300534,2018.0,2018年第二批科技计划项目补助,200000.0,3729608.35,0.0,3729609.0,0,1
002982,2023.0,2019年度推动农商互联完善农产品供应链项目资金,136481.0,20272401.24,0.0,20272402.0,0,1
002027,2014.0,项目扶持资金,2170000.0,368521825.2,0.0,368521825.0,1,1
600071,2022.0,稳岗补贴,769814.0,22773272.69,9796088.54,22773274.0,0,1
300212,2021.0,高精尖项目光磁一体化云存储数据湖（一期）,2000000.0,77700146.64,0.0,77700146.0,0,1
600826,2019.0,其他政府补贴,21427531.0,34185856.11,21427530.94,34185856.0,1,1
300349,2021.0,稳岗补贴,96281.0,68367037.19,0.0,68367037.0,1,1
600239,2011.0,企业扶持发展基金,57474.0,57474.0,0.0,57474.0,1,1
301168,2022.0,政府补助其中：国内发明专利授权奖励,15000.0,7880506.99,3939548.1,7880507.0,1,1
300331,2012.0,超薄LED导光导电复合功能材料（器件）关键技术,77395.0,15603383.83,0.0,15603385.0,0,1
300161,2022.0,工业互联网创新发展工程-工业互联网标识解析二级节点,50000.0,127990914.8,0.0,127990914.0,0,1
002282,2012.0,2011年度第二批中小企业国际市场开拓资金,64000.0,4465272.33,0.0,4465272.0,1,1
000836,2009.0,技术成果转化项目补助,2500000.0,3643400.0,0.0,3643400.0,1,1
601137,2021.0,与资产相关的政府补助,5720031.0,33656830.55,0.0,33656831.0,1,1
002718,2021.0,政府补助其中：以工代训补贴,36500.0,964092.64,913414.97,964093.0,1,1
300183,2019.0,中小企业扶持资金,702000.0,56422705.94,0.0,56422707.0,0,1
002237,2012.0,与收益相关的政府补贴其中：烟台市牟平区财政局以烟牟财企指[2011]27号《关于下达2011年度进口贴息资金预算指标的通知》拨入公司进口贴息补贴款,514300.0,12918800.0,0.0,10918300.0,0,0
603098,2022.0,直接计入当期损益的政府补助其中：稳岗补贴,468503.0,43698736.68,0.0,21959250.0,0,0
600256,2010.0,收到的与收益相关的政府补贴其中：财政局财政经营扶持资金（发展支持资金）,10815400.0,31166217.0,0.0,62332434.0,0,0
600312,2019.0,上海知识产权局资助,2500.0,60592363.51,0.0,60592363.0,0,1
002357,2021.0,燃油补贴,1373135.0,68760935.61,0.0,68760936.0,1,1
601233,2022.0,公司功能性聚酯纤维新材料智能制造新模式应用项目,810000.0,88313264.8,126529.0,88313265.0,1,1
002880,2021.0,特异性免疫球蛋白及凝血因子类产业化项目,209949.0,9686443.38,156115.82,9686444.0,0,1
600980,2022.0,安徽港航付21年合肥水运港政策外贸补贴款,10990.0,21858282.93,0.0,43665066.0,0,0
002617,2017.0,技术创新补助资金,69700.0,9717167.75,0.0,9717169.0,0,1
603683,2017.0,德国科隆五金展览会中小企业国际市场开拓资金,45000.0,1967580.96,0.0,1967581.0,1,1
002868,2017.0,就业困难社保补贴,3060.0,6213714.53,0.0,6213714.0,0,1
000680,2018.0,崇文产业园,220460.0,21690568.23,0.0,21690568.0,1,1
300464,2017.0,"经科局""双提升""扶持资金（基于工业机器人的金属滑轨冲压成型一体化技术改造）",175000.0,3435846.59,0.0,3435847.0,1,1
002502,2013.0,2012年汕头市现代服务业发展引导资金项目补助,1000000.0,1463600.0,0.0,1463600.0,1,1
300362,2016.0,高新技术企业补助,20000.0,8448836.73,0.0,8448837.0,1,1
301312,2022.0,企业研发投入补贴,347700.0,17889724.06,0.0,17889724.0,1,1
002702,2016.0,科技经费补助其中：子公司-浙江鱼极食品有限公司收到年生产冷冻鱼丸3000吨技术改造项目经费2,321400.0,6413807.4,0.0,6413807.0,1,1
302132,2021.0,省级工业转型升级项目补助资金,1500000.0,26208096.78,0.0,26208097.0,1,1
002035,2021.0,2019、2020年度工业企业技术改造事后奖补（惠普性）奖金,301270.0,65689210.22,0.0,65589210.0,0,1
002005,2022.0,政府补助其中：广东省工业企业技术改造事后奖补,1666078.0,40630599.65,19999465.73,40630598.0,0,1
002582,2010.0,中小企业国际市场开拓资金,10000.0,16442995.94,0.0,16442996.0,1,1
600251,2023.0,计入当期损益的政府补贴(与资产相关)其中：工程技术研究中心建设,45917.0,35832105.05,0.0,18897210.0,0,0
601188,2022.0,政府补助其中：减免退税,138571.0,2656942.49,395431.27,2656942.0,1,1
002439,2020.0,与资产相关的政府补贴：小微企业社保补贴,23261.0,204396437.9,0.0,204396438.0,1,1
002091,2012.0,省级外贸发展专项引导资金,4460950.0,29168244.65,0.0,29168245.0,1,1
002159,2021.0,政府补助其中：保康三特九路寨旅游开发有限公司景区地质灾害治理补助款,200020.0,8531014.64,8454612.27,8531014.0,0,1
002807,2021.0,江苏省普惠金融发展专项资金,4854000.0,29093000.0,0.0,29093000.0,1,1
603583,2018.0,高校毕业生社会保险补贴,15184.0,22139760.38,0.0,22139761.0,0,1
300793,2019.0,2015年东莞市信息化专项资金（分摊递延）,77636.0,2844870.57,0.0,2844871.0,1,1
688779,2022.0,产业扶持资金,269036.0,121770469.6,3350000.0,63218314.0,0,0
000960,2022.0,首席技师经费补贴,589119.0,166345726.7,0.0,166345727.0,1,1
600783,2013.0,淄博高新区财政局专利资助,24000.0,394000.0,0.0,394000.0,1,1
002126,2011.0,荆州市2011年度科技发展计划项目补助资金,202000.0,5896103.51,0.0,5896104.0,1,1
301041,2021.0,高新技术企业认定奖补,160000.0,16501407.64,0.0,16501407.0,0,1
600488,2018.0,政府补助其中：与资产相关的政府补助确认的其他收益（输液生产车间改造专项资金）,104178.0,11079486.71,9086985.5,10449362.0,0,0
002118,2015.0,其他资源勘探信息资金2,2782538.0,35071948.56,0.0,35071949.0,1,1
200771,2013.0,2007年第三批杭州市工业企业技术改造项目财政资助资金1,26000.0,16517582.75,0.0,16388802.0,0,1
300241,2020.0,LED照明器件封装生产线智能制造项目,184615.0,38983184.7,38253267.32,38983183.0,0,1
600989,2020.0,宁东基地2019年技术改造综合奖补资金（马莲台煤矿安全技术改造项目）1,12500.0,39655223.77,7745100.0,39655225.0,0,1
300586,2022.0,基础设施建设补贴,57636.0,15608768.92,0.0,15608768.0,0,1
601718,2017.0,预警费,5000.0,1022621504.0,0.0,1022621504.0,1,1
600546,2013.0,长子县煤管局煤矿瓦斯监控补助资金,348394.0,18500494.12,0.0,18500494.0,1,1
600741,2008.0,绕道补偿款,49644010.0,504449688.8,40388652.84,504449688.0,0,1
002454,2017.0,重庆科委高新技术产品奖励,60000.0,11580976.68,0.0,11580978.0,0,1
300959,2022.0,进项税加计扣减,17658086.0,21690817.1,2011416.6,21690818.0,0,1
600623,2023.0,如皋市发改委能源优化项目专项资金,300000.0,163233325.7,0.0,163233323.0,0,1
600303,2009.0,政府补贴1,5000000.0,36370705.24,0.0,24275353.0,0,0
002708,2017.0,津财建二指[2015]10号,395233.0,6754843.84,0.0,6754843.0,0,1
300679,2023.0,工业稳增长扶持,93000.0,11608712.54,0.0,11608712.0,0,1
000410,2010.0,收到的与收益相关的政府补贴其中：专项用于数控机床功能部件及立式加工中心产业化项目贷款财政贴息,5310000.0,198339269.5,0.0,185520000.0,0,0
300681,2019.0,展厅建设补助资金,714941.0,19224025.96,0.0,19224026.0,1,1
833509,2020.0,代扣个人所得税手续费返还,13037.0,7449130.28,0.0,7449131.0,0,1
002472,2022.0,招用退役士兵税额减免,66396.0,105486564.6,0.0,105486562.0,0,1
600353,2008.0,科学技术进步奖,10000.0,319000.0,0.0,319000.0,1,1
000513,2022.0,先进药品制造互联网标杆项目2,90000.0,422449635.2,0.0,308519203.0,0,0
002448,2011.0,200万只重型发动机气缸套项目,120000.0,4761903.33,0.0,4761903.0,1,1
002321,2020.0,19年度研发费用政府补贴,100000.0,91238599.38,120000.0,91238600.0,0,1
002519,2009.0,扩大生产稳定就业奖励,56714.0,6178358.31,0.0,6178358.0,1,1
000705,2022.0,与资产相关的政府补助其中：年产3000万支瓶冻干粉针剂、3000万支小水针注射剂GMP改造项目,710000.0,16417529.89,71604.4,16417531.0,0,1
300435,2022.0,2021年企业研发经费投入财政补助,927000.0,12264900.52,0.0,12264900.0,0,1
002810,2020.0,与收益相关的政府补助,3377943.0,5847538.71,0.0,5847539.0,1,1
002737,2022.0,衡水收到奖励基金,5713643.0,83270442.94,0.0,82644041.0,0,1
601022,2023.0,税收补贴,111290.0,53758692.42,0.0,53758693.0,0,1
000902,2022.0,国家化肥商业储备管理,2070000.0,63102675.15,300000.0,63102675.0,1,1
601698,2023.0,计入当期损益的政府补贴(与资产相关)其中：多波束船载卫星宽带通信运营平台项目,1147500.0,43727210.13,0.0,43727210.0,1,1
000516,2019.0,促投资、稳增长项目奖励款,123900.0,1186382.58,0.0,1186383.0,1,1
300125,2019.0,上海虹口区区招商税收返还,110000.0,3481348.9,0.0,3481349.0,1,1
605128,2023.0,计入当期损益的政府补助3,1660428.0,4694908.81,0.0,4694909.0,1,1
002653,2022.0,艾滋病和乙肝防治新物及复方制剂的创新研发补助,120505.0,44822659.73,0.0,44822660.0,1,1
300699,2021.0,政府补助其中：递延收益转入（科技发展计划项目）,350000.0,50620345.36,50405183.18,50620345.0,1,1
603823,2022.0,2019年第二批工厂物联网项目,32063.0,15501045.46,14975412.45,15501046.0,0,1
300072,2022.0,乌达区工信和科技局研究开发投入后补助资金,151000.0,4631293.31,0.0,4631294.0,0,1
300602,2015.0,合肥经开区安全生产标准化创建工作考核奖励,15000.0,4027279.36,0.0,4027279.0,1,1
600549,2021.0,其他与资产相关的政府补助,11234449.0,374054705.2,0.0,325084952.0,0,0
300162,2016.0,2016年度深圳市民营及中小企业发展专项资金企业国内市场开拓项目资助,51250.0,12721138.06,8086074.49,12721140.0,0,1
603351,2019.0,2017年第一批省“双创计划”引进人才资助资金,370000.0,4222113.41,0.0,4222113.0,1,1
601225,2021.0,GIRO政府补助,154764.0,95469186.84,45082469.79,95469188.0,0,1
002484,2012.0,南通市通州区劳动就业管理中心,124200.0,11437579.0,0.0,11437579.0,1,1
002211,2016.0,关于拨付2015年外贸稳定增长专项资金的通知（扬财企{2016}16号、扬商贸{2016}3号）,14000.0,16051100.0,0.0,16051100.0,1,1
300623,2022.0,2021年中央外经贸发展专项资金,1662000.0,87745812.6,0.0,87745813.0,1,1
601117,2017.0,山西省科技厅拨付省重大专项资金,3877267.0,64447434.08,0.0,64447435.0,0,1
002558,2020.0,企业发展专项补助,9400000.0,115805225.4,0.0,115805225.0,1,1
002229,2013.0,残疾人安置补贴,5000.0,7083965.45,0.0,7083964.0,0,1
603826,2022.0,政府补助其中：年产二氯氧钛80万吨项目技术改造补助资金,48667.0,21484964.19,10488954.29,21484965.0,0,1
600372,2023.0,与资产相关的递延收益,64905696.0,160911162.3,24612182.02,160911162.0,1,1
300198,2017.0,收福建师范大学科研协作费,241647.0,21078202.6,0.0,21061469.0,0,1
301063,2022.0,企业研究开发费用奖励,1096200.0,2027059.3,0.0,2027059.0,1,1
002783,2022.0,荆门市院士专家联络服务中心建站补助,100000.0,46609301.52,0.0,32046776.0,0,0
002294,2018.0,成都高新技术产业开发区经济运行与安全生产监管局2018年第九批工业发展专项资金,1059800.0,51503353.61,0.0,51503353.0,0,1
600600,2009.0,其他,24760330.0,199387677.0,0.0,199387677.0,1,1
600776,2020.0,高质量发展专项补贴,5000.0,42123241.99,0.0,42123242.0,1,1
600018,2011.0,引进企业财政补贴奖励1,11408400.0,24821346.52,0.0,24821347.0,1,1
300066,2015.0,减免地方水利建设基金,56528.0,21197112.01,0.0,21197113.0,0,1
002048,2014.0,2014年度中小微企业录用高校毕业生一次性就业补助,6000.0,26931942.14,0.0,26931942.0,1,1
002402,2010.0,广东省科学技术奖奖金,20000.0,5226199.46,0.0,5226199.0,1,1
833284,2023.0,其他政府补贴,1401744.0,1401744.0,0.0,1401744.0,1,1
000789,2017.0,企业基础设施建设补助资金,150069.0,92751703.36,0.0,92751703.0,1,1
603165,2016.0,节能财政专项资金项目,88696.0,57351771.56,0.0,57351770.0,0,1
300183,2023.0,稳岗补贴,76775.0,25603412.39,0.0,25603413.0,0,1
002916,2022.0,招商引资类扶持专项,2575700.0,150959892.3,141794424.4,150959893.0,0,1
688569,2022.0,吸纳就业补贴,5000.0,10521293.74,0.0,10521294.0,1,1
002193,2016.0,平阳县昆阳镇会计核算中心统计先进单位奖金,1000.0,63681190.93,0.0,32956176.0,0,0
688090,2022.0,广州瑞松科技项目土地平整增加挡土墙建设,148480.0,38374564.62,19139635.83,38374565.0,1,1
000586,2009.0,地方财政扶持补助其中：“阶跃型塑料光纤生产线改造”项目贴息补助资金,500000.0,1983000.0,0.0,1983000.0,1,1
002535,2013.0,年产2000台电液控高端液压支架项目,1152727.0,52202005.32,0.0,52202005.0,1,1
300012,2011.0,深圳市外贸产品公共检测平台扩建项目的经费补助款,5000000.0,10862895.53,0.0,10862896.0,1,1
000669,2019.0,政府补助其中：管输业务增值税即征即退,7209415.0,18212557.69,0.0,18212559.0,0,1
300793,2020.0,2020年国家知识产权优势示范企业培育项目资金,50000.0,22032287.81,0.0,22032288.0,1,1
300297,2011.0,关于下达2010年省中小企业发展专项资金（自主创新和转型升级贴息）项目计划的通知（蓝盾安全综合运维管理平台）,360000.0,5570000.0,0.0,5570000.0,1,1
600429,2019.0,乳制品加工制冷设施扩容及工艺设备采购项目,1987000.0,113791420.6,0.0,113791420.0,0,1
000726,2021.0,2021年山东省金融发展补助资金,140000.0,91886075.83,0.0,90459432.0,0,0
601799,2010.0,科学技术奖励,6000.0,3073800.0,0.0,3073800.0,1,1
605100,2022.0,稳岗补贴,319357.0,889868.21,0.0,889868.0,1,1
603330,2020.0,政府补助其中：职业培训补贴,22500.0,6503108.69,6428448.19,6503108.0,0,1
603167,2017.0,蓬莱经济开发区管委会研发补助,990000.0,116367581.2,0.0,116367582.0,0,1
600290,2021.0,与资产相关的政府补助,2517779.0,4816648.09,0.0,4816648.0,1,1
002247,2022.0,外向型发展专项（外贸）项目资金,100000.0,24143487.49,0.0,23993487.0,0,1
002193,2016.0,平阳县人力资源和社会保障局,30000.0,63681190.93,0.0,32956176.0,0,0
300099,2014.0,知识产权局奖励,10000.0,9726457.54,0.0,9726458.0,1,1
002414,2014.0,2013年度中小企业国际市场开拓资金,25000.0,18268022.0,0.0,18268022.0,1,1
600809,2022.0,发展专项资金,70000.0,18865842.54,9123465.28,18865842.0,0,1
000687,2018.0,成都高新区2018年研发机构补贴项目资金,600000.0,38316885.36,0.0,38316885.0,1,1
002601,2023.0,二期项目基础设施配套资金,2007618.0,110297056.9,0.0,110297057.0,1,1
600141,2019.0,草甘膦母液综合处理及资源化利用项目,3061224.0,42084153.64,0.0,42084152.0,0,1
603773,2017.0,沃格科技园LED照明系统合同能源管理服务项目（补助资金摊销）,19651.0,11427873.88,0.0,11427875.0,0,1
002460,2010.0,收到的与收益相关的政府补助其中：奉新企业扶持资金,2150000.0,7261177.15,0.0,14522354.0,0,0
002247,2017.0,2016年成都市一季度开门红开竣工激励资金,150000.0,116536643.7,27965616.79,44036269.0,0,0
002037,2016.0,爆破创爆破新型领军企业,272514.0,15114605.37,0.0,15114605.0,1,1
300902,2021.0,其他,25402.0,5999029.81,0.0,5999030.0,1,1
300113,2017.0,2017年杭州市信息服务业验收合格项目剩余资助资金,463400.0,22641660.25,0.0,22641659.0,0,1
300715,2022.0,与资产相关的政府补助其中：黄冈市工业园开发建设办公室基础设施建设补助资金,282546.0,56693185.95,0.0,56693185.0,0,1
002271,2022.0,花都区经济发展贡献奖励,19822422.0,451524545.1,0.0,444294450.0,0,0
001896,2015.0,南阳市政府表彰十大纳税工业企业奖励,200000.0,28984616.74,0.0,28984616.0,0,1
300109,2017.0,聚维酮碘项目经费,62222.0,3360120.27,0.0,3360121.0,0,1
600853,2021.0,与日常活动相关的政府补助其中：增值税税费减免,29192.0,8812812.51,0.0,8812812.0,0,1
600880,2014.0,成都梦工厂网络信息有限公司收到国库支付中心补助经费,100000.0,23636079.29,0.0,23636079.0,1,1
836239,2023.0,稳岗补贴,393809.0,46908484.11,0.0,46908486.0,0,1
603385,2023.0,卫生陶瓷及包装厂技术改造项目,185533.0,47421340.83,0.0,47421340.0,0,1
600392,2017.0,晨光：钕铁硼废料和荧光粉废料综合利用项目,1697845.0,12228381.6,0.0,12228385.0,0,1
603165,2019.0,政府补助其中：节能财政专项资金项目,88696.0,130431690.5,127740226.7,130431689.0,0,1
002201,2019.0,如皋财政局补贴（2017外贸提质增效奖励,100000.0,4435510.51,0.0,4435511.0,1,1
300055,2015.0,北京市科委关于多层碟盘研发项目拨款,580000.0,3536317.96,0.0,3536318.0,1,1
300157,2014.0,高新技术创新基金,150000.0,17073948.04,0.0,10579433.0,0,0
605336,2021.0,代扣个人所得税手续费返还,27756.0,13049647.09,0.0,13049647.0,1,1
603926,2018.0,政府补助其中：余杭科技局专利资助,9000.0,9038607.35,4004728.0,9038607.0,1,1
000753,2020.0,吸纳贫困人员企业奖励金补贴,2320.0,6115916.58,0.0,6115917.0,1,1
000538,2015.0,云南省高端科技人才,1101960.0,68090714.1,0.0,67773668.0,0,1
688600,2022.0,政府补助其中：固定资产投资补助款,108317.0,119358657.1,61555768.74,61790898.0,0,0
600051,2009.0,与收益相关的政府补助其中：循环经济节能专项补助,83800.0,5449704.86,0.0,5449705.0,1,1
002439,2020.0,与资产相关的政府补贴：高新技术企业认定奖励,500000.0,204396437.9,0.0,204396438.0,1,1
002004,2010.0,外经贸促进资金,96000.0,8439370.99,0.0,8439371.0,1,1
000786,2011.0,与收益相关的政府补助：节能降耗资金2,30000.0,94287806.88,0.0,92287806.0,0,0
000016,2014.0,2010年省工业转型升级专项资金,533000.0,230797272.5,0.0,253202731.0,0,0
002418,2013.0,杭州市重大科技创新项目补贴经费,1750000.0,26589259.63,0.0,26509260.0,0,1
000837,2023.0,高精度复杂刀具复合加工装备研制及应用,2388873.0,131791439.9,0.0,131791440.0,1,1
600889,2017.0,省级二级标准化补贴,20000.0,2160231.22,0.0,2160233.0,0,1
002707,2016.0,股转公司挂牌奖励,1300000.0,4510000.0,0.0,4510000.0,1,1
002292,2008.0,企业挖潜改造资金,700000.0,3719450.0,0.0,3719450.0,1,1
000657,2014.0,企业发展补助,200000.0,132490287.4,0.0,132490287.0,1,1
600739,2021.0,税收返还,5800593.0,42873395.11,16096166.67,42873395.0,1,1
002190,2014.0,洛阳市知识产权局奖励,41300.0,41573908.19,0.0,41573908.0,1,1
600578,2021.0,稳岗补贴,6632102.0,73947086.69,0.0,73947089.0,0,1
300454,2018.0,深圳市人力资源和社会保障局2018年博士后设站单位补助,1200000.0,289033001.7,26818306.0,289033002.0,1,1
603086,2017.0,专利补助资金,10000.0,1950644.93,1000000.0,1950644.0,0,1
600232,2023.0,2016年省工业与信息化发展财政专项资金,66000.0,301705.6,0.0,301706.0,1,1
600288,2018.0,北京专利补助金,2000.0,52904591.52,0.0,52904591.0,0,1
601007,2020.0,与企业日常活动相关的政府补助其中：鼓楼区销售竞赛月奖励,468000.0,19122283.74,0.0,19122283.0,0,1
601965,2020.0,重庆两江新区财政局2020年科技创新普惠资金补贴,2390000.0,115886573.0,0.0,115886574.0,0,1
002831,2022.0,与收益相关的政府补助其中：三河市科学技术和工业信息化局省级科研补贴,373035.0,142166334.0,0.0,142166336.0,0,1
002004,2011.0,08-09年度高新技术企业奖励,3140000.0,20718205.28,0.0,20718205.0,1,1
600509,2016.0,供热系统节能技术改造项目兵团级节能减排专项,66667.0,57665979.75,0.0,57665978.0,0,1
688739,2022.0,本溪市溪湖区就业局2021年吸纳高校毕业生社保补助款,569687.0,16261370.16,1000000.0,16261369.0,0,1
430198,2022.0,市、区上市奖励,4000000.0,4678662.76,0.0,4678663.0,1,1
600739,2022.0,成大生物健康产业基地（含基础设施）,2179392.0,52678251.79,1596166.67,52678250.0,0,1
600623,2019.0,政府补助其中：VOC项目,278189.0,236167513.3,229265960.0,236167512.0,0,1
300506,2022.0,稳岗补贴,308013.0,5456919.64,2720374.22,5456919.0,0,1
600459,2012.0,2011年市级工业发展专项扶持资金,500000.0,21711342.89,0.0,20981168.0,0,0
002053,2020.0,稳岗补贴,1800958.0,19508563.37,0.0,19508564.0,0,1
000070,2019.0,下一代智能高宽带WLAN基站传输设备研发项目,84620.0,38933622.74,0.0,38933623.0,1,1
600169,2019.0,天津港保税区管理委员会智能制造补贴,1500000.0,79578163.32,0.0,79578163.0,1,1
600278,2010.0,吴泾镇扶持款（退税）,134967.0,3722158.02,0.0,2760297.0,0,0
601233,2017.0,政府奖励,160940.0,34087097.01,32804583.18,34087098.0,0,1
002238,2014.0,收到的与收益相关的政府补助：其他,36200.0,10301566.74,0.0,10301566.0,0,1
300639,2016.0,省财政企业研发开发补助金,1355700.0,4744321.73,0.0,4744321.0,0,1
300373,2022.0,与收益相关的政府补助其中：2021年度生产型实训基地补助资金,200000.0,63112255.54,0.0,63112256.0,1,1
000738,2022.0,高新企业认定后补助,100000.0,26520809.34,0.0,26520809.0,1,1
002481,2018.0,政府补助其中：生物天然气综合研究与开发,35000.0,49179932.23,0.0,49179932.0,1,1
002759,2015.0,到金平区财政局科技专项资金,100000.0,1359000.0,0.0,1359000.0,1,1
002611,2022.0,科创局2021年度研究开发费用奖励,23600.0,20754916.28,0.0,38843172.0,0,0
300224,2019.0,与企业日常活动相关的政府补助,7106135.0,7248357.55,0.0,7248357.0,0,1
603258,2017.0,上市奖励,500000.0,4224788.81,0.0,4224789.0,1,1
603007,2021.0,个税手续费返还等,24158.0,7113149.64,5741465.03,7113150.0,1,1
300068,2016.0,年产1000MWh储能装备项目补助（递延收益转入）,3382000.0,227389696.8,0.0,227389697.0,1,1
300113,2016.0,成都高新区火炬计划统计企业补助专项资金,10000.0,14381537.26,0.0,14381538.0,0,1
002533,2019.0,与收益相关的政府补贴确认的其他收益其中：技术创新奖励,775453.0,22407499.42,0.0,22407499.0,1,1
000786,2014.0,企业技术中心建设奖励资金,50000.0,179715072.7,0.0,175826072.0,0,0
601001,2015.0,进口设备贴息,961629.0,21487270.03,0.0,21487270.0,1,1
600098,2017.0,2016年度外经贸发展与口岸建设专项稳增长调结构事项资金,946768.0,58017509.95,38017509.95,58017510.0,1,1
002606,2018.0,稳岗补贴,376268.0,11063035.29,4685397.49,11063035.0,1,1
688529,2022.0,政府补助其中：优秀人才奖励,40000.0,10106681.41,0.0,10006681.0,0,1
603059,2017.0,2015年工业经济创新转型专项资金,150000.0,3742563.51,0.0,3742564.0,1,1
688301,2022.0,上海市高新技术成果转化专项,6584000.0,229621719.1,0.0,229242418.0,0,1
002471,2014.0,银收宜兴市财政局国库支付中心补贴款,7500.0,11250855.0,0.0,11250855.0,1,1
002006,2009.0,标准化战略专项补助,50000.0,5313080.0,0.0,5313080.0,1,1
002380,2022.0,政府补助其中：工控安全重大技术攻关项目,450000.0,69524744.83,21345388.2,69524745.0,1,1
000636,2011.0,广东省自主品牌发展专项资金,1250000.0,22901041.82,0.0,19244728.0,0,0
300025,2009.0,信息服务业发展专项资金,300000.0,3093576.08,0.0,3093576.0,1,1
000502,2019.0,进项税加计抵减,27601.0,78610.81,0.0,78611.0,1,1
000876,2023.0,递延收益摊销-资产其中：盐亭新好-规模化沼气工程补助,150000.0,257069964.1,0.0,257069968.0,0,1
002853,2022.0,面向家具柔性生产的工业互联网应用创新标杆项目（2021年省级促进经济高质量发展专项资金支持工业互联网标杆示范项目）,240000.0,22571505.13,0.0,22571504.0,0,1
002996,2023.0,本期转入其他收益金额其中：2021年固定资产投资补助,236779.0,262353621.9,189787174.9,78948494.0,0,0
300290,2017.0,技术补助,325000.0,9423284.44,0.0,9423284.0,1,1
300124,2021.0,城陵矶新港区管委会支持企业项目落地资金,500000.0,1189511909.0,121529197.0,602071978.0,0,0
000795,2010.0,与收益相关的政府补贴其中：技术创新项目财政奖励资金,160000.0,7441050.0,0.0,7441050.0,1,1
300759,2020.0,新兴产业发展基金2,67316.0,45534236.25,0.0,45534236.0,1,1
002650,2012.0,2011年度农产品加工固定资产投资补贴款,800000.0,13865500.0,0.0,13865500.0,1,1
600592,2018.0,规模企业补助,100000.0,32219822.05,0.0,32219822.0,1,1
600811,2022.0,计入其他收益的政府补助其中：福肴食品重大科技成果转化项目,438000.0,15929176.02,0.0,15929176.0,1,1
601139,2018.0,福田区科技创新投入支持补助,2689200.0,27060158.56,184507.2,27060159.0,1,1
600469,2018.0,预防及应急专项基金,100000.0,10488662.87,0.0,10488662.0,0,1
600797,2015.0,滨江财政局ITSS奖励,115000.0,62640839.48,0.0,35869953.0,0,0
002103,2021.0,线上职业技能培训补贴,156780.0,12012129.28,4031200.0,12012129.0,1,1
300937,2022.0,服务业发展引导专项资金,1000000.0,9372758.32,0.0,9372758.0,1,1
000028,2008.0,企业研发投入资助款,1800000.0,27070953.0,0.0,14124453.0,0,0
688668,2021.0,政府补助其中：2020年东莞市技术改造项目,263540.0,12466090.1,3654389.37,12466089.0,0,1
002145,2018.0,科技创新奖励,754500.0,23147960.74,0.0,23147959.0,0,1
601118,2011.0,其他其中：农业技术体系建设专项经费,1075400.0,57971326.26,0.0,57971327.0,0,1
300147,2015.0,T细胞受体TCR配套,200000.0,32697190.9,0.0,32697191.0,1,1
603507,2023.0,2023年商务发展专项资金,62000.0,14382301.02,0.0,14382301.0,1,1
600327,2018.0,政府补助其中：地方财政或街道扶持资金,897608.0,12279561.17,4465382.69,12279560.0,0,1
300244,2019.0,科技局技术补贴服务费,110000.0,37496426.61,0.0,37427547.0,0,1
600549,2009.0,质量技术监督局合金标准奖励资金,300000.0,130061429.9,0.0,130061431.0,0,1
300012,2017.0,产业升级补贴,250000.0,44427022.88,0.0,44427024.0,0,1
603399,2022.0,工业专项发展资金,50000.0,12085777.33,0.0,12085778.0,0,1
000035,2022.0,政府补助（与收益相关）其中：进项税加计抵减,6399704.0,194703789.4,30262570.37,194703789.0,1,1
600557,2012.0,递延收益摊销：热度宁注射液高技术产业化示范工程,800000.0,28762373.97,0.0,28762374.0,1,1
000062,2020.0,企业招用高校毕业生社保补贴,248.0,17812196.2,0.0,17812197.0,0,1
000523,2022.0,知识产权示范企业资助,300000.0,21985778.26,0.0,19682783.0,0,0
002200,2008.0,道路设施补贴,17273.0,2713200.4,0.0,2713200.0,1,1
300560,2023.0,5万元以下零星补助,127281.0,8043397.43,0.0,8043398.0,0,1
000657,2019.0,技术改造和转型升级专项,215000.0,128237418.0,0.0,70590926.0,0,0
002022,2017.0,财政拨款2,1917000.0,14070132.95,2772000.0,14070133.0,1,1
603337,2018.0,政府补贴其中：2017年度实施创新驱动促进产业转型升级考核奖励,510000.0,44189217.34,43367306.69,43601618.0,0,0
300244,2016.0,2015年度省企业研究开发省级财政补贴资金,133900.0,21474650.01,0.0,21474649.0,0,1
000837,2012.0,五轴联动叶片数控磨床产业化项目,3200000.0,29147135.77,0.0,29147137.0,0,1
002267,2012.0,改线赔偿款,1572113.0,2622112.86,0.0,2622113.0,1,1
688206,2022.0,青年就业基金公署补助金,522.0,16442670.62,0.0,16442672.0,0,1
600855,2015.0,物联网专项补助,5000000.0,14737367.31,0.0,12251993.0,0,0
000410,2020.0,专利补贴,5000.0,38890502.05,0.0,38890503.0,0,1
000619,2013.0,节能降耗补贴,40000.0,23884245.66,0.0,23884246.0,1,1
002624,2017.0,个税手续费返还,3185132.0,183458333.0,47921607.75,117282537.0,0,0
003026,2022.0,代扣代缴个人所得税手续费返还,205644.0,4820397.5,1147294.4,4820397.0,0,1
300664,2016.0,专项技术发展扶持补助,3000000.0,3899700.19,0.0,3899700.0,1,1
300402,2023.0,南京地铁一号线南延线建设拆迁补偿款,366837.0,8344795.57,0.0,8344795.0,0,1
603181,2022.0,2021年度上虞区知识产权奖励,100736.0,165722004.1,0.0,165722003.0,0,1
002029,2011.0,与收益相关的政府补助其中：高档凉感T恤的产业化研究项目补助,100000.0,7584400.0,0.0,7584400.0,1,1
300327,2021.0,上海市经济信息化委关于开展2018年上海市产业转型升级发展专项资金项目,662500.0,12746878.61,0.0,12746879.0,1,1
600231,2013.0,节能减排补贴资金其中：补贴资金2,4500000.0,443095953.8,0.0,443095954.0,1,1
000657,2016.0,有色金属技术经济研究院有色金属标准制修订补助经费,10000.0,58286027.72,0.0,58286030.0,0,1
002222,2014.0,专利专项资金,1280.0,3780251.96,0.0,3780252.0,1,1
600628,2012.0,品牌调整发展文化产业扶持金,12000000.0,12000000.0,0.0,12000000.0,1,1
000862,2019.0,中小企业促进局奖励款,123700.0,49720736.35,8907274.44,49720737.0,0,1
836414,2022.0,浦发银行政策性担保贷款贴息贴费,2072.0,5923316.68,2486658.34,5923317.0,1,1
600757,2018.0,税收返还款,30479420.0,79850347.89,0.0,79850348.0,1,1
002117,2011.0,政府奖励,81000.0,2030186.94,0.0,2030187.0,1,1
600022,2013.0,国家支撑计划专项资金,150000.0,11133533.46,0.0,11133533.0,1,1
002347,2011.0,扩建改造项目资金,233750.0,7810621.86,0.0,5699372.0,0,0
603306,2022.0,市货梯补贴,29305.32,59496298.23,0.0,59496298.23,1,1
603579,2021.0,代扣代收代征税款手续费返还,213211.0,17696669.49,0.0,17696669.0,1,1
600084,2023.0,小型灌装线技术改造项目,1145942.0,12029712.6,0.0,12029714.0,0,1
002829,2017.0,基于三级反馈稳定跟踪技术的移动卫星通信装置,90000.0,29113146.58,0.0,29113147.0,1,1
600764,2021.0,2019年青岛国际软博会参展补贴,13165.0,45987569.37,45541544.32,45987568.0,0,1
600009,2017.0,递延收益,1080000.0,1230000.0,0.0,1230000.0,1,1
600623,2017.0,外贸发展专项资金,584961.0,184613450.6,0.0,184606308.0,0,1
002821,2016.0,科技型服务外包企业发展项目资金2,400000.0,10242578.66,0.0,10242579.0,1,1
600143,2016.0,知识产权资助,1290000.0,190266014.3,150000.0,188716013.0,0,1
600810,2021.0,21年科技创新奖励经费,300000.0,77584668.4,43154489.2,77584667.0,0,1
002650,2023.0,发酵食品（酱油）数字化工厂,1567059.0,14969259.03,0.0,14969259.0,1,1
688170,2022.0,博士后工作站运行补贴,50000.0,33189963.65,22522379.63,33189962.0,0,1
603970,2021.0,高淳开发区补贴款,4646180.0,7755543.34,0.0,7755544.0,0,1
000903,2016.0,柔性机加工线建设,500000.0,104328730.8,0.0,104328732.0,0,1
603169,2021.0,就业见习补贴资金,142800.0,35581672.07,0.0,35581672.0,1,1
600806,2016.0,收昆明市职工失业保险委员会办公室拨付2017年稳岗补贴,1275384.0,41995254.02,0.0,41715254.0,0,1
002132,2011.0,工业技改贴息补助,443400.0,17183286.3,0.0,17183286.0,1,1
002822,2021.0,企业研究开发资助计划,1159000.0,12271942.89,9789979.12,12271942.0,0,1
603118,2023.0,残疾人养老医疗补贴,13209.0,77231532.89,0.0,77231532.0,0,1
002852,2018.0,2015年信息产业和信息化专项补贴资金—A8—V5信息平台软件项目,35000.0,20589154.7,0.0,19948379.0,0,0
603858,2021.0,政府补助其中：科技成果转化补贴,164900.0,208233027.2,206329300.8,208233026.0,0,1
603011,2022.0,计入其他收益的政府补贴其中：重点领域补短板产品和关键技术攻关项目奖补,2000000.0,42911760.7,0.0,40511760.0,0,0
002262,2016.0,力月西等麻醉药品GMP车间技改项目,65000.0,3796790.0,0.0,3796790.0,1,1
000837,2011.0,数控蜗杆砂轮磨齿机项目补助,300000.0,6909985.0,0.0,6909985.0,1,1
300700,2018.0,其他,60000.0,2071859.35,0.0,2071859.0,1,1
300617,2020.0,人社局稳岗补贴,343797.0,11012566.0,0.0,11012566.0,1,1
000989,2023.0,直接计入当期损益的政府补贴（与收益相关）其中：抗凝一类新药LFG临床前研究阶段项目扶持资金,3000000.0,30948759.49,0.0,30148758.0,0,0
000722,2022.0,与收益相关的政府补助,7438797.0,8209077.74,0.0,13388153.0,0,0
002598,2010.0,递延收益转入：鲁财建指[2009]80号,67500.0,1155500.0,0.0,1155500.0,1,1
000878,2012.0,节能目标奖、节能降耗奖,420000.0,130226543.2,10000.0,130226544.0,0,1
002960,2023.0,涿鹿县发改局中央外经贸发展专项资金,3530900.0,93036072.79,59650.0,93036073.0,1,1
002119,2022.0,人才公寓房租补贴,145800.0,12857669.36,0.0,12857668.0,0,1
000960,2019.0,云南省技术创新人才培养经费,60000.0,58066416.61,0.0,58066417.0,1,1
600449,2019.0,乌海赛马收中建材财务公司革新奖,5000.0,127957457.2,66359467.53,127957457.0,1,1
002059,2008.0,教委表彰奖励,7000.0,647366.0,0.0,647366.0,1,1
600580,2021.0,知识产权奖励-本公司,472000.0,96783305.44,0.0,95633308.0,0,0
300021,2019.0,凉州区科学技术局专利资助资金,4500.0,21904199.22,20407519.85,1496679.0,0,0
600812,2019.0,科研创新项目,41508284.0,98901747.58,0.0,98896240.0,0,1
002199,2008.0,收到的与收益相关的政府补贴其中：2008年新型频率器件省级高新技术研发中心补贴,150000.0,5550600.04,0.0,11101200.0,0,0
000568,2010.0,《四川省微生物资源共享平台》专项经费,300000.0,13267668.41,0.0,13267669.0,0,1
002004,2018.0,专利授权奖励,130000.0,76976060.69,0.0,76611062.0,0,1
603596,2018.0,与资产相关的政府补助,4441393.0,29991240.83,200000.0,59782482.0,0,0
002047,2015.0,黄标车提前淘汰奖励,4400.0,1676681.31,0.0,1676681.0,1,1
603185,2023.0,内蒙古包头装备制造产业园区管理委员会星级评选奖金,4200.0,142954289.2,0.0,142954289.0,1,1
600120,2013.0,政府奖励,7533304.0,40391615.34,0.0,40391616.0,0,1
600624,2020.0,代扣个人所得税手续费,230241.0,17292264.41,16996012.67,17292265.0,0,1
002971,2021.0,上市奖励1,2000000.0,19194775.27,19174869.3,6019906.0,0,0
000968,2020.0,煤层气井防伤害压裂技术及压裂改造效果评价技术,2500000.0,96838983.2,0.0,96838983.0,1,1
600770,2008.0,2008高新技术出口产品研发资金,480000.0,9792900.0,0.0,9792900.0,1,1
600679,2019.0,政府补助其中：中小企业发展专项资金,234000.0,1141464.03,1030457.0,1141464.0,1,1
300029,2012.0,收到的与收益相关的政府补贴：新乡高新区科技创新专项资金,113000.0,5584467.5,0.0,11008936.0,0,0
601882,2020.0,紧缺职业（工种）补助,213000.0,20493212.47,0.0,20493212.0,1,1
300603,2023.0,智慧交通技术专利导航分析项目,200000.0,1636969.87,0.0,1636971.0,0,1
833994,2021.0,经济运行局专项资金,15145000.0,51771680.53,0.0,51771681.0,1,1
000600,2013.0,国融安能循环化工项目技改贴息,116833.0,21813428.4,0.0,21813428.0,1,1
300755,2023.0,企业扶持资金,24788551.0,61323006.02,0.0,61323006.0,1,1
600508,2016.0,老旧汽车淘汰补贴,252000.0,7247222.0,0.0,7247222.0,1,1
002171,2012.0,土地使用税奖励款,2260000.0,33388979.38,0.0,33388979.0,1,1
300360,2014.0,杭州市余杭区财政局专项资金杭州市2013年度品牌奖励,25000.0,9990146.2,0.0,9990147.0,0,1
600775,2020.0,深圳市老旧车提前淘汰奖励（2018-2020年）,25500.0,18693377.11,16822093.98,18693376.0,0,1
600018,2015.0,企业职工职业培训财政补贴,704589.0,931873751.7,0.0,536856886.0,0,0
002363,2019.0,涂装生产线挥发性有机物治理技改专项资金,200000.0,2445439.25,0.0,2445439.0,1,1
600313,2020.0,与日常活动相关的政府补助其中：2019年返乡下乡人员创业创新项目,123800.0,32644423.34,0.0,32644421.0,0,1
300473,2022.0,软件产品增值税退税,2410061.0,16881570.86,0.0,16881572.0,0,1
002761,2022.0,拆迁补偿收益,4499904.0,109899403.7,0.0,109899402.0,0,1
000948,2022.0,政府补助其中：街道总工会服务费用,40000.0,33747431.32,13671375.05,33747431.0,1,1
002066,2013.0,固定资产投资项目贴息,360000.0,16662766.94,0.0,16662766.0,0,1
000963,2017.0,2017年稳岗补贴,55100.0,176593872.5,0.0,176593871.0,0,1
688330,2022.0,科经第六批省级制造业单项冠军奖励,500000.0,70983383.78,0.0,70983383.0,0,1
300068,2012.0,出口信用保险保费资助资金,717668.0,5599178.38,0.0,5599178.0,1,1
002328,2018.0,计算机网络用集成柜专业工程技术改造项目,1630000.0,17840626.82,17709999.13,17840627.0,1,1
002002,2015.0,一般经营性补贴,2275700.0,10209339.75,0.0,10209340.0,1,1
002074,2014.0,关于下达2014年度第二批市级科技计划项目及财政资助科技经费的通知2,210000.0,19967531.24,0.0,19967532.0,0,1
301193,2020.0,宁波家联生物降解日用数字化改造项目,606061.0,11095730.85,0.0,11095732.0,0,1
600400,2016.0,省级环保补助资金,480000.0,6951643.67,0.0,6951644.0,1,1
300146,2020.0,与经营活动相关且与资产相关的政府补助其中：珠海市金湾区科技和工业信息化局技术改造事后奖补全自动立体高架库及成品分捡车间技术改造项目,6444634.0,35082276.54,0.0,35082276.0,0,1
300334,2016.0,新农村小型一体化饮用水装置研发资助,32634.0,9107574.02,0.0,9107574.0,1,1
688386,2022.0,与收益相关的政府补助,6286246.0,6877664.88,0.0,6877666.0,0,1
002280,2010.0,其他政府补贴其中：表彰2009年度上市企业,1000000.0,4759941.58,0.0,4759942.0,1,1
002449,2010.0,预算拨款,500000.0,11799314.27,0.0,7630268.0,0,0
002571,2023.0,土地使用税返还,124677.0,3959187.14,0.0,3959185.0,0,1
300447,2022.0,高新技术企业奖励,300000.0,10044769.69,0.0,10044770.0,1,1
603566,2017.0,2016年洛阳科技进步奖一等奖奖金,30000.0,35061292.48,0.0,35061292.0,1,1
300490,2019.0,平谷高新技术资助补助,100000.0,34427268.16,0.0,34427269.0,0,1
000061,2018.0,政府补贴其中：长沙公司春节期间进场交易费减免,2000000.0,155264564.5,0.0,155264565.0,0,1
002198,2020.0,失业保险基金支持职业技能提升行动资金,24000.0,1486835.69,0.0,1486835.0,0,1
300044,2019.0,深圳市科技创新委员会云计算数据中心机房的高效节能关键技术研究,314600.0,36188275.42,0.0,36188276.0,0,1
600313,2016.0,昆山市小麦良种补贴转营业外收入,1019701.0,28560933.27,0.0,28560933.0,1,1
603982,2023.0,南京江宁经济技术开发区财政局鼓励工业企业增产扩产奖励项目,475000.0,8704689.24,0.0,8704690.0,0,1
000756,2018.0,稳岗补贴,1241865.0,21995213.23,0.0,21995214.0,0,1
300503,2020.0,政府补助其中：大功率、大扭矩精密钻攻中心电主轴关键技术研究与产业化区配套补助,800000.0,26926469.81,23176960.26,26926470.0,1,1
605358,2022.0,工业与科技发展专项资金,700453.0,298717054.1,0.0,298717052.0,0,1
002170,2020.0,中央公租房补贴,848145.0,6230438.78,0.0,4230437.0,0,0
002394,2015.0,退城进郊项目,5624816.0,32935735.49,0.0,32935735.0,1,1
600635,2013.0,COD削减专项补助,2676862.0,19832232.44,0.0,19832232.0,1,1
600151,2023.0,其他政府补贴,300000.0,11399149.35,300000.0,11399148.0,0,1
002361,2022.0,计入其他收益的政府补贴其中：直接计入当期损益的政府补贴（税费奖励返还）,725225.0,19773545.29,6450233.0,29470160.0,0,0
600169,2017.0,人才专项资金,50000.0,73836015.76,0.0,73836016.0,1,1
600612,2014.0,税收返还：税收奖励,562800.0,153566256.7,0.0,153566258.0,0,1
600271,2012.0,增值税返还,107827221.0,129586945.3,0.0,129586946.0,0,1
002126,2011.0,中小企业开拓资金展会补贴,29705.0,5896103.51,0.0,5896104.0,1,1
688028,2022.0,2022年嘉兴市技能大师工作室补贴,50000.0,6998740.81,0.0,6998742.0,0,1
000572,2011.0,2010年度海南中小企业成长性奖励,150000.0,77040303.31,0.0,77040303.0,1,1
002458,2018.0,标准化父母代肉种鸡场建设补贴,80000.0,4287431.58,0.0,8294862.0,0,0
300001,2018.0,权益法核算的长期股权投资收益其中：晋缘清洗,14108166.0,106850089.5,7779229.36,106850087.0,0,1
605555,2022.0,政府补助其中：“品字标”品牌和国家“驰名”商标质量提升专项资金,232470.0,8287096.85,6032759.84,8287097.0,1,1
600303,2010.0,金泉多功能皮卡生产基地项目,1563455.0,24121942.01,0.0,24121942.0,1,1
002078,2014.0,污水处理厂搬迁项目财政贴息资金,338444.0,33077915.91,0.0,33077916.0,1,1
600371,2011.0,脱毒马铃薯良种繁育项目建设补助,460000.0,3146200.0,0.0,3146200.0,1,1
300573,2023.0,沈阳市市场监督管理局-沈阳市知识产权运营服务体系建设-知识产权质押融资补助（第十二批）,200000.0,11105102.76,0.0,11105103.0,1,1
002179,2019.0,优惠政策补贴款,3507612.0,84655455.25,0.0,84655456.0,0,1
300607,2023.0,财务费用,2796007.0,20372838.77,0.0,20372839.0,1,1
002032,2007.0,2003年4月7日以后购买的单机在220千瓦以上新的柴油机,37500.0,3268082.0,0.0,3268082.0,1,1
300111,2022.0,政府补助其中：一次性扩岗补助,6000.0,2111449.29,1046412.78,2111449.0,1,1
603320,2016.0,2015年就业补助,1500.0,2326198.96,0.0,2326199.0,1,1
603012,2022.0,政府补助其中：企业设备补贴,4140000.0,111917143.3,67453977.69,111917145.0,0,1
600891,2020.0,个税手续费退税,848.0,100848.39,0.0,100848.0,1,1
002144,2022.0,与收益相关的政府补助其中：增值税即征即退,1438240.0,12964506.82,0.0,12964508.0,0,1
300285,2018.0,1200吨纳米级钛酸钡电子陶瓷粉体材料项目,255318.0,34814733.87,0.0,23101110.0,0,0
300158,2016.0,黄芪新食品原料研究开发项目,50169.0,22451674.55,0.0,22394369.0,0,1
300351,2022.0,与收益相关的政府补助其中：工业经济奖励资金,343000.0,23306368.3,0.0,17943283.0,0,0
300295,2017.0,高层次创业人才引进计划,500000.0,10910807.01,0.0,10910807.0,1,1
300358,2022.0,应届生补贴款,9000.0,48392960.83,0.0,48262070.0,0,1
600509,2012.0,与资产相关的政府补助：石河子220KV输变电工程,344727.0,44317978.85,0.0,44317978.0,0,1
000062,2017.0,2016年度福田区产业发展专项资金电子商务示范企业奖励资助,500000.0,31623686.59,0.0,20205196.0,0,0
